ID,hex,last_well
1,D4,9.201670898346482
2,E1,13.885889684133073
3,A5,18.86653967434228
4,B4,0.9144053326256474
5,A3,16.06510213189904
6,E5,16.915722197828998
7,E5,21.788743408170205
8,E4,10.77065415006491
9,C5,18.583007155882754
10,C2,0.49196117656586424
11,E1,14.79002679598346
12,B4,17.669179106187393
13,D4,11.656372015819143
14,A5,17.838503554767634
15,B4,12.572803092922442
16,D4,47.63398931265816
17,B1,1.9971993855763763
18,D3,22.4249011713259
19,A3,15.881440856631194
20,D5,0.265129179922044
21,D3,1.6510183422762648
22,D3,1.2401940879083755
23,A2,10.741210953499186
24,B2,11.005931104721064
25,A1,1.0395230776481938
26,D4,19.811045507157516
27,E5,18.860387678527616
28,E2,23.143358464660764
29,B3,36.37482813585972
30,E2,10.89672302138797
31,E3,1.6709634658509014
32,C1,23.323178950241772
33,B2,10.220829583530357
34,A1,18.47225501090086
35,E2,11.773769839971512
36,A4,12.508506388056148
37,A3,2.3285844736115786
38,C3,7.986115035774096
39,A4,16.9041247642391
40,C5,23.455991238242195
41,C4,3.4314577657185192
42,B3,12.46997720390494
43,B3,23.971175539012684
44,A4,12.671778355615668
45,B1,12.282141658024335
46,A5,1.941873306797009
47,A1,14.848903941895246
48,A5,11.505141236852973
49,A1,8.832288769666702
50,A5,19.365041976769152
51,D3,9.534340305806763
52,A5,46.42686266452738
53,C2,10.801470328676753
54,A3,21.969155191778516
55,B1,16.15050925136164
56,E4,16.94683497706651
57,E4,19.008099672191143
58,C4,26.704169264182138
59,E5,27.62247383196694
60,E5,1.0653520612654028
61,C2,14.1971731680163
62,C5,14.103064867895114
63,D2,0.6202533858009923
64,D5,24.893997378906704
65,D1,2.6008854182540917
66,C3,7.187983792449854
67,C5,0.7713317423377567
68,C2,45.96540790610325
69,B5,1.1589928357183752
70,D5,5.249611375004767
71,C3,9.922438163388023
72,E5,37.26635284446583
73,A3,13.673431423304885
74,A1,8.953800233078669
75,A3,1.4795375633026864
76,D1,10.157745897181545
77,B1,0.22987934642329555
78,B2,7.3678435490300505
79,E5,3.3434285501635994
80,E5,21.35425947704983
81,C2,18.28666963495235
82,A3,10.97639046146425
83,D4,22.82636105408097
84,A2,2.9707941440801395
85,C5,17.131001918429625
86,A2,1.7198309843145723
87,E2,8.381853868722802
88,A5,1.856988220667707
89,A4,33.18951673117171
90,B5,16.850754084475412
91,D5,30.534206969479357
92,B1,7.7879030056907785
93,E4,1.1000069854661887
94,A2,1.184499619728545
95,C3,21.59622096684252
96,C1,8.858445479225075
97,E3,16.2306253042972
98,C5,12.240339593810942
99,B1,23.47992982635413
100,C5,3.483884702457022
101,E2,13.717152657000867
102,E4,10.342706603047677
103,B3,14.469082865852727
104,E5,20.36147809486271
105,B3,2.0819210594877933
106,D1,14.617737699312174
107,B1,0.8270060611484894
108,D1,35.67062420549598
109,C5,21.86696368763463
110,B5,7.43579899528762
111,E5,10.500497877220456
112,E1,20.207124995591705
113,B5,1.4531538572251383
114,E3,9.670562390238604
115,D4,1.389081835906121
116,C4,14.408943875722374
117,B3,12.383981705466867
118,C1,1.2498224558528424
119,A1,0.36279114087423525
120,A3,0.3287078554816079
121,A1,0.7409789235455125
122,C5,8.703221748211117
123,B5,13.510810592174625
124,A4,22.837654204929013
125,A1,16.18082938028315
126,D2,25.039006705261457
127,B5,20.229474432413816
128,C3,19.606491467868366
129,E5,20.156641705420665
130,B4,35.77919326056629
131,D4,8.479070743914951
132,D4,9.201669856183884
133,C2,21.70056270892114
134,E3,21.85975896885237
135,E3,14.44601954314662
136,A4,0.7607334845127021
137,B1,5.253840768399249
138,A5,28.826252773992262
139,C5,24.36204645290792
140,A5,14.147406649732911
141,B3,14.269707499113945
142,C5,2.2565719483601394
143,B5,12.519197281851353
144,B2,23.340073208497365
145,E3,11.321760179991859
146,E2,2.752831677329964
147,C3,15.56725087628489
148,C3,15.33720820903001
149,A1,10.858662489059531
150,A4,47.44256481044519
151,C5,15.259215972978911
152,B1,13.982967151442958
153,A3,6.566368990218601
154,A3,0.2581377841522915
155,D5,21.730943140491316
156,D1,11.180646190707495
157,C4,0.992654923804624
158,E3,23.51909216191919
159,D4,14.499717169809966
160,A1,0.22132192718254384
161,C3,0.6550760135446316
162,E5,15.907400791518436
163,D4,18.222516613849947
164,B1,17.201752241700937
165,D2,1.175153966546738
166,E5,0.9026741874624636
167,E3,16.304488519878852
168,A1,11.327577616244293
169,C4,1.7666952571318248
170,C2,22.716059204376208
171,B1,3.326641003168875
172,B4,2.671151661212618
173,E4,13.723439837565232
174,C2,1.8251466077389449
175,A2,8.456759945067718
176,E5,23.980011797801033
177,B3,4.883140105994804
178,D1,5.408170581294291
179,A4,2.443726266050222
180,D2,10.860963883568568
181,C5,0.2191492762351897
182,D3,9.132262553653407
183,E1,17.817845592579502
184,E3,1.8332333185918088
185,E5,36.124606488085874
186,D3,12.590196676703766
187,B2,1.4714214908735386
188,B4,22.32016519323418
189,D1,11.987947297177882
190,C3,11.49212695647295
191,E1,21.08701354073621
192,E5,0.45115070645951216
193,A5,22.509409608961423
194,C2,0.9132700289674525
195,B5,7.241000194645991
196,B5,8.652757435002686
197,A4,20.70969573273455
198,E5,5.219872384262967
199,E4,9.251369808875305
200,D3,5.077057215479564
201,A1,0.5746687625417669
202,E1,19.40907988276308
203,A2,16.37810121820715
204,A2,1.8614250784918436
205,C1,29.927105004050183
206,B5,1.1584052896008048
207,C5,17.93706707504144
208,A5,21.881312276697393
209,A4,22.705258725795503
210,D4,18.166422105481622
211,D3,34.31072241871144
212,E4,0.22904095565806992
213,C3,9.601178191783113
214,B4,8.270190157839494
215,B1,8.59166507579329
216,B3,23.368646085479583
217,C4,2.047074440760774
218,C4,1.5458551474569866
219,D3,23.539582706502937
220,B2,14.476800208410872
221,E4,23.292853112009407
222,B5,18.030330615984415
223,A3,31.1782864000363
224,C3,5.502170451124101
225,E2,13.90570632827367
226,A4,36.56389238475475
227,D4,0.6240961306173679
228,C3,16.813721338764687
229,D5,8.864346308662675
230,A1,8.143963422613773
231,E5,4.517838239838203
232,B1,1.9176041933509653
233,B4,1.6414740470715021
234,E1,34.54490672748292
235,A3,19.36972742610014
236,E2,0.7586570132325483
237,E3,23.36741407503262
238,B1,9.163963568640817
239,D5,11.712988593510984
240,D2,10.257144015341764
241,C2,15.054765598891638
242,D3,9.568588082504082
243,B4,0.20864046187125512
244,D3,44.87401476185982
245,C4,0.3889017616898335
246,D2,3.6023549019966916
247,B3,1.2125447475425644
248,D4,12.842711204028985
249,A3,22.550602632452577
250,A3,3.349254675290675
251,A1,1.0253401862482459
252,D5,20.45841164331724
253,C1,6.74389321762592
254,A1,1.878620084488708
255,A5,2.694167888542658
256,C4,10.595719410419482
257,B5,21.85320490643441
258,A2,2.67760795197903
259,B3,15.211904500167776
260,E3,19.790745368265203
261,C2,1.0646898001945677
262,E1,20.476281306021868
263,B3,10.872915654149336
264,D4,13.317177170997438
265,C4,14.004885868438421
266,B5,8.857260274972841
267,D5,13.71698929071855
268,E1,1.5775207172422345
269,C3,8.086758753495905
270,B1,0.3575374962829243
271,D5,22.331503831927627
272,C3,16.002510848482288
273,E4,21.068932693404463
274,B2,1.2527214526425328
275,A3,4.8444995578528784
276,C3,9.749643732569943
277,D2,17.55044970014189
278,D4,0.39237940471796007
279,D5,20.380945758258164
280,C4,19.443281255733886
281,A4,1.7111953961607798
282,E1,8.042174144978677
283,E1,5.7977906338480905
284,E3,12.75298331201787
285,E5,21.381410855015325
286,C2,3.617744820633089
287,D2,1.712341415207378
288,D2,1.5393932026644817
289,C5,11.09129223744173
290,B2,12.220830606533344
291,B4,10.647368667961267
292,C1,0.7859363075850208
293,B4,44.22473440262435
294,E3,4.9926981954763505
295,D1,16.81789617158314
296,C5,18.85930215684401
297,C5,15.836697662208309
298,C4,1.1444728132554354
299,D4,21.168687686322762
300,D5,12.45113647814419
301,B1,1.9302365168809126
302,B4,17.35074085654712
303,C4,3.275734894642027
304,B1,12.709858923527813
305,E1,21.07863928654318
306,D3,8.611321752722032
307,C1,3.048370860724271
308,D4,0.7281766779468651
309,D4,20.551056091565314
310,B1,4.771356040863816
311,C4,18.597260845396384
312,B1,14.819023598816798
313,E4,16.727219268246394
314,D4,14.68932902031139
315,B5,38.20347240501597
316,A2,12.959154386275113
317,E1,27.407665329371984
318,B2,1.3655281255003362
319,C3,19.13395188548713
320,B2,9.108700079782547
321,D1,19.675026200542767
322,C5,0.9069262105702569
323,B5,9.647265410127847
324,E4,44.69435842156894
325,D2,10.10698466120698
326,C3,0.9074567495906766
327,E5,14.672388556139467
328,A5,4.501233352998195
329,E1,15.888262504756279
330,C2,9.178370753407446
331,E5,19.75214197025508
332,C4,1.7634791469032198
333,D1,9.208251713041872
334,D2,0.7685842787954935
335,C2,0.28065061844275163
336,C5,13.933367544650356
337,E5,16.61838960790383
338,E1,0.25505591715595444
339,D4,21.09085755204331
340,B3,1.9921450548349922
341,D2,6.736184566753122
342,C4,18.47506692339291
343,E1,23.776799423792664
344,A4,3.9822816642873264
345,C5,0.46972320366287257
346,D1,18.097657479776338
347,A3,9.53499545212363
348,D4,46.90483617020533
349,C4,11.944301720726843
350,C5,0.7878114898452807
351,E5,22.962911470685984
352,D4,19.138075255411145
353,E3,0.870840700194192
354,E5,16.4525571064977
355,C3,13.35075045785583
356,C5,11.854288433279038
357,C5,8.45590335172823
358,B5,16.566209026291585
359,A5,11.554002864727757
360,E5,3.3440343579704357
361,B1,22.210987071779616
362,D2,17.363038336781504
363,B1,6.428396211403713
364,E5,14.540421607595434
365,D3,11.663291422489428
366,C4,17.202418003179762
367,C4,13.785239060924876
368,C5,6.403071538768363
369,C5,17.355726976616232
370,B1,2.8975644225381614
371,C2,13.24457384205183
372,E4,17.16612854406889
373,A1,1.7381087695525774
374,E5,3.3812064541611466
375,D5,9.047387649113615
376,B2,8.975729374344015
377,A4,0.5011140095299149
378,B1,8.661129409252299
379,D3,0.9065583202181041
380,A4,1.3148030830814599
381,E2,20.1198758631904
382,A5,14.391418668026258
383,A2,14.767017059767289
384,A1,15.101201485013156
385,E4,46.371061877622225
386,C2,6.378732996345014
387,B2,1.9983568810239025
388,D3,23.562936786129303
389,E4,19.612076651643612
390,E1,2.1145690343832113
391,E2,12.385684692135229
392,D5,15.140877433696032
393,D2,1.473527717070009
394,D5,3.751312530647284
395,D3,11.670138379384802
396,D5,1.788834681575806
397,B1,15.73375346079715
398,D4,2.3864985869242297
399,C2,15.339379400704948
400,A3,21.8453440190885
401,B5,3.045439395797173
402,B1,0.8483081344919132
403,E4,14.852187181616298
404,D2,17.526571869684275
405,B3,21.58268934083634
406,C1,12.782169765034624
407,E5,9.517708433080532
408,D2,0.4779583664026644
409,A3,0.6196403640784797
410,A3,39.07463555242437
411,C3,20.937024581868393
412,A2,10.033096896920345
413,D4,9.33864384434406
414,E1,23.445082966231155
415,C5,2.6836215150472347
416,A5,27.79507425234854
417,E2,9.203710668656127
418,B1,18.230799012858654
419,C1,30.60605678484942
420,B1,15.228193679933899
421,C3,0.3562451035072637
422,C2,10.945879495834934
423,A1,18.86627693968693
424,B5,13.526354161695304
425,A3,9.808802507429645
426,B1,10.881541725222162
427,D4,1.1913812444573046
428,E5,15.394459695799757
429,D4,1.6768264248987268
430,D4,21.53117756751471
431,B2,2.9800452997105493
432,E3,20.138300930962014
433,A5,24.928768483029117
434,B3,19.99821669474192
435,A3,14.388418324680481
436,B5,24.781319212560607
437,E2,17.46909212735628
438,C4,21.535423932968843
439,A5,0.2589723624402783
440,D3,25.87810375589461
441,B4,2.9255941354367794
442,A4,12.407957317956397
443,C3,47.11966503074328
444,A3,23.547330685868282
445,A2,8.520933923704593
446,E3,12.615627797277757
447,D3,0.5164531476109584
448,A3,37.37680904364928
449,C1,4.538686879050214
450,B3,0.20278435270666648
451,C5,10.309926231221551
452,D5,16.909740774198212
453,B4,5.418384809226011
454,E3,17.639126165445212
455,D2,21.630484524486214
456,B5,19.011835587469193
457,D5,1.4617557164974462
458,C3,3.720103619799227
459,C2,20.055986537619233
460,E3,10.624439535111488
461,E2,1.7378853564622747
462,B3,19.91873469584737
463,D1,20.51752533924108
464,A5,0.8953492981414212
465,A2,28.2559222724201
466,B2,13.021583717787898
467,C3,13.528736459097392
468,E4,0.587141644229878
469,D1,2.4647990899119177
470,B4,18.36530797197876
471,B4,3.9399317612448943
472,E1,0.9586424441510739
473,D5,21.2358214362672
474,C3,3.4137002548542874
475,E4,0.9066456744417095
476,E4,5.198516063397101
477,C4,7.260125103987481
478,B3,18.375276543394982
479,E2,22.515701576005096
480,C5,17.31383934711471
481,C4,45.891202177615234
482,C5,0.4270915523559754
483,B1,1.2604477061245765
484,A1,27.281183575275886
485,A4,41.11164641022322
486,D4,1.2175925543671848
487,B3,21.754049792964317
488,D4,22.744694686231217
489,A4,4.897536604047391
490,D4,8.181126107633377
491,A5,13.563426274479921
492,E5,3.2644275566533283
493,B2,3.733747271516849
494,E2,10.980958348858307
495,A4,11.371230314226468
496,D4,21.991063343799958
497,E3,15.744017509718269
498,A3,20.56726000281268
499,D1,0.9180790172076158
500,D1,5.602825463847708
501,A1,21.866942075747858
502,C3,2.5752692564962816
503,A4,23.151349321691995
504,D2,1.5036873936841393
505,D1,26.22445583372048
506,E1,5.6255709574507335
507,E3,8.819102464688234
508,A1,14.475506143263464
509,E1,21.911068505918124
510,B5,16.17089465703051
511,C4,9.711778109113876
512,A1,17.01306071833421
513,D3,14.12579884413818
514,E1,20.973649752410665
515,C3,13.853216417228891
516,B3,18.471643877200826
517,C5,11.981396110536013
518,D2,12.012045609411574
519,C2,8.925226219559821
520,C4,9.343461278460603
521,E1,10.665168625907318
522,D1,5.724407862592866
523,C4,13.536366435756488
524,C4,0.22381496684996433
525,D1,5.304048428983279
526,C3,21.22104071239005
527,A2,6.992709176496319
528,A3,1.6875802459388776
529,A2,1.1495770407917505
530,B1,27.460963427406348
531,D1,8.768225784525894
532,D5,1.6626746613149719
533,A5,1.187639574230837
534,D4,0.4536062169878895
535,C5,22.354424526431337
536,A1,13.99958401346051
537,E5,32.460029018087454
538,C5,0.24625083131395187
539,D4,8.631200243147198
540,A2,16.034203286904066
541,E3,19.352550525150328
542,A2,17.628502304759365
543,D3,14.924963525268932
544,A2,0.17760216408011847
545,A3,19.783382510410682
546,B2,19.198618664784767
547,B2,0.7266567647169184
548,E1,0.5231251025864463
549,A2,1.5646649581517598
550,C2,24.558513665425124
551,C1,18.443528042428543
552,E1,15.56748642110993
553,D5,0.6023415237218347
554,B1,12.855097451918127
555,E1,3.2743299635065366
556,D5,23.996139192596665
557,B5,10.991716659774761
558,E1,18.99607774999543
559,C1,15.421019016098995
560,A2,1.477789106525787
561,C3,3.8038171260474893
562,B2,0.7669842045022977
563,B4,19.78667647218956
564,D4,14.092072448363414
565,A1,12.093385070919723
566,B2,1.437850912870723
567,B5,1.4801048585121224
568,E5,0.3872922976706318
569,E4,7.786400900699181
570,A5,0.36587177521767333
571,E1,2.7880309427953733
572,B5,2.1695844989077435
573,B5,22.58819765687239
574,C3,17.480143770142476
575,B1,14.03883579059171
576,E2,18.938711762754394
577,D3,8.4673654325912
578,E4,33.53735710170533
579,C1,16.562260758937796
580,E4,19.650568445130325
581,A4,46.955531311053896
582,C2,18.97425185766799
583,B5,0.8729149103236873
584,A2,5.389664879570008
585,A2,1.123156046705913
586,B3,4.184040167439529
587,A5,22.29392428984774
588,D5,9.297038870922833
589,E5,2.3259593901343134
590,B2,21.455048074699107
591,E4,0.322805080743875
592,D2,8.9116462539738
593,E5,9.115416942316642
594,D5,1.395204327201531
595,A4,13.029272342683164
596,C1,13.784511081305563
597,B2,14.252933054191354
598,D5,8.320898150803677
599,E5,0.9348383373559993
600,E3,4.218283369521268
601,D2,1.9393573359895941
602,D4,9.542896403046669
603,B3,1.2015312181141522
604,D4,1.8512858259556861
605,D1,26.445419253471343
606,A3,1.2288823289758273
607,B4,15.675595129801987
608,C1,11.693407422906866
609,D2,1.2607065492137386
610,E5,16.913448655567347
611,D1,19.614897843036907
612,D4,0.39952143897977743
613,B4,10.739533236155854
614,A3,28.13585751131348
615,B2,17.099773758576646
616,E3,12.22129535401747
617,C2,18.07177415500503
618,B5,10.809501132851038
619,E3,1.640391744577045
620,E2,15.926584043705791
621,C3,45.92644341477124
622,C4,0.9206682229828518
623,D3,1.9440068319609398
624,A1,21.349796118248037
625,E1,11.350303584258446
626,E2,20.844603002801133
627,E4,20.579011187087907
628,E2,11.332744489413173
629,D5,8.956612573417653
630,A5,10.03183644772183
631,D4,15.166623898194274
632,B3,16.848893972443918
633,A4,3.517832452391594
634,B3,15.679912272819713
635,E2,14.789842538173492
636,E4,1.567655152960575
637,E4,20.90969257848797
638,C4,1.4203425545975288
639,C1,23.927797512512583
640,C4,41.749355178387475
641,B4,9.053794152485253
642,A2,16.802393562638215
643,C2,10.724963207193749
644,A1,20.066704597216834
645,C4,9.938482545092905
646,E3,11.771162408093327
647,A2,33.9032670627527
648,E1,22.845830771922387
649,B3,14.177369252759371
650,A5,0.7454580220378114
651,D4,19.234905364597438
652,A3,31.485629573033492
653,E1,16.44854873205938
654,D3,9.118675227840471
655,C1,47.87962455382899
656,A2,22.45270028558548
657,B2,10.962467403999002
658,D3,14.059912776646716
659,D3,12.398345706273219
660,E2,26.11119283060973
661,D1,18.170087651781678
662,E1,2.460515781401915
663,D1,2.326560196326364
664,E2,23.198376544253478
665,A1,10.290603265219888
666,E2,6.767405028786058
667,C4,5.28423590960736
668,B2,11.738260720792754
669,D5,8.80192402404177
670,C2,20.623433658139984
671,E2,5.035641481193474
672,B2,45.95948151712391
673,E1,17.552458981235333
674,D5,0.41835661495251186
675,E3,1.689996404488059
676,E3,20.899879874814758
677,C2,1.7402736698931554
678,E3,13.214674953352597
679,B3,42.86420479052259
680,D4,1.6152750059753702
681,A3,16.801128006160376
682,E2,13.033606785386883
683,A5,15.181567494983254
684,C5,17.161588142490285
685,B1,8.861435933253889
686,A4,47.93853088611611
687,A1,28.189543487584846
688,B2,10.111559839284508
689,D5,17.62653473954283
690,E5,2.1587787194172705
691,C1,12.342570078632642
692,A4,31.901406409355207
693,A5,6.446500064016124
694,C3,1.8941084357542115
695,B3,21.157552459152193
696,C5,14.419591900969488
697,C5,9.246992340020384
698,A4,13.12241616528427
699,B1,2.979002000067279
700,A5,7.129012966209864
701,D5,20.486515395205444
702,C3,5.901444856823113
703,D5,0.5868916489244184
704,B4,3.885047474409651
705,A1,2.7893185309062587
706,A3,2.2565248311816264
707,A5,1.4019923484036934
708,A1,23.03618655114355
709,A5,22.690396753442975
710,D4,14.832037044606967
711,E3,10.007867022727744
712,B5,3.496470183802665
713,A2,14.497693438552588
714,D4,11.871596779849343
715,D5,13.77563156796889
716,E2,20.971705848148815
717,E4,0.3615553606176798
718,B1,16.805045983503543
719,E5,12.994008486517531
720,D4,19.862625197927954
721,E5,10.179165311090324
722,A1,11.040507979205984
723,E3,1.4423527522674346
724,C1,14.8698591691925
725,C3,20.131823862323344
726,E4,22.184961048643995
727,E2,1.513019647900597
728,C5,8.789512713829957
729,D4,8.574414450308339
730,E1,22.321240701945513
731,B1,7.025040634900801
732,E5,2.405716063065683
733,A1,7.1404963233391525
734,A4,11.954735564048878
735,C2,16.553381583524093
736,A2,11.806059173674278
737,D1,19.987386194370593
738,A4,1.0923743856629955
739,E5,19.700467942618
740,B5,1.5962463648957457
741,C3,19.29426937324446
742,E3,1.3931205456708713
743,A2,23.955514964412117
744,E3,25.028689923075625
745,B3,4.5359130001304795
746,C5,1.1811498283021926
747,A1,46.44003057246837
748,B2,19.304609567958067
749,A4,20.766769923055982
750,D4,19.602913039817096
751,B1,23.85333931510349
752,E1,10.112619361801922
753,C1,11.854265705733841
754,E4,0.9563102349885974
755,D2,4.691023826797645
756,B5,17.855005503565234
757,A3,13.558130872871574
758,B4,1.2248485643208387
759,C4,1.2882719141293946
760,A3,2.6668480161038572
761,C3,19.363254710876443
762,E1,11.851192041134045
763,A5,0.9470010592728405
764,E1,15.721235278721963
765,D4,19.16197663741074
766,D4,30.889574553767147
767,D2,15.266669289811848
768,B2,11.3800449476662
769,A2,3.4366596685380784
770,A1,5.2537509549051356
771,D1,39.650254349874686
772,E5,1.2252252818847635
773,E5,28.254048357351877
774,A3,19.641267017188596
775,D1,20.919218255946873
776,B3,15.897110688140195
777,D2,21.65028121954196
778,E5,1.9433252245498878
779,E5,4.821421140606639
780,B2,10.669097356189052
781,C4,23.527978766543594
782,D1,2.537584953367265
783,A2,34.745292869520306
784,B3,9.016485979428898
785,D5,14.277976078233776
786,B5,35.629032016834685
787,C4,1.0863487912384364
788,D3,0.2773838176911385
789,C2,3.1320778440139936
790,D3,0.57359152591807
791,A1,35.84308211499003
792,D3,14.748569374370758
793,C5,15.913751868226619
794,E5,19.80391755626203
795,D1,3.640389878399007
796,B5,23.87041073552737
797,A2,5.404486621109795
798,D5,11.162336488360756
799,A3,0.5178761373150795
800,E4,12.088035367566444
801,A3,23.507553315983152
802,C3,40.99740509691322
803,C4,21.171340324819425
804,E4,1.6378853407454723
805,A4,9.912184416261223
806,A5,17.972312738744495
807,B3,11.31330177672267
808,E3,3.766338955564763
809,D1,6.109879682308565
810,C5,22.54470048155931
811,E1,18.480797541353454
812,D3,21.714898917219543
813,D4,12.028173919310058
814,E3,19.017740008420176
815,C3,16.914114668616264
816,E3,13.101396970223378
817,B5,7.658160253076521
818,E1,0.825219985008799
819,C1,1.5305610837599313
820,D2,24.5227483672109
821,E4,19.04532427782656
822,A2,16.656736964144443
823,D1,26.54150747983625
824,B5,12.541149979559982
825,A3,0.47269336769572357
826,C2,30.209383467768667
827,C2,10.022839025510743
828,B2,17.337545999210803
829,A1,22.284444426952703
830,B5,34.551483079386834
831,D5,9.656228092966751
832,A1,2.312420048661656
833,E3,12.865749824971243
834,D4,4.209557816760178
835,A5,18.05102753997024
836,A4,0.5824193179241858
837,D2,18.069276760852343
838,C4,11.985961015927744
839,D1,12.618342470058533
840,D1,39.808427321078895
841,D3,9.726289872207944
842,E3,9.946082382706829
843,D5,26.932837986019976
844,B1,20.330725182033838
845,D4,12.17674863751558
846,E5,16.25261087837169
847,A1,4.2764018379468745
848,C3,16.68949253222648
849,C4,23.26023175614605
850,D5,12.769456988508008
851,E3,11.046637607232606
852,B2,20.671231785615383
853,D4,14.241350672410112
854,C1,21.93128878907021
855,A2,6.080747757675092
856,A3,15.019809769934172
857,E4,13.317031307883187
858,A3,20.404863119245714
859,E3,19.835929270776575
860,B4,41.251313476476206
861,B4,3.1206557273299493
862,C5,14.589339743892255
863,A2,21.96732533252271
864,A1,1.309885636253822
865,D1,1.5692253988863607
866,E5,14.260127808266926
867,B2,0.8109197072333761
868,A2,8.775161360521087
869,C2,21.85598946877203
870,E2,13.924148896214833
871,A2,0.9872820509083265
872,D2,1.347034083046869
873,A5,20.383325741600636
874,E3,29.43737116412989
875,B2,0.6507283800442143
876,A2,17.163376331422818
877,A2,17.601585385693745
878,D4,15.001590025423981
879,A3,18.945715557770498
880,D2,20.206786490203328
881,D3,5.213595344759014
882,B5,23.981846600130968
883,A3,3.0089666171544516
884,B3,17.799498685433015
885,A1,15.044524640875471
886,C2,11.498816577018644
887,E1,8.525654010595945
888,B5,18.824957419978816
889,B1,20.34424782672911
890,A4,38.28576160160334
891,C5,19.37906099400665
892,C1,22.11173626886407
893,C2,2.4244939627984623
894,D2,17.54912275883769
895,B1,42.24851359377697
896,B2,0.49373862089288023
897,A2,18.90642016605467
898,E2,12.233001256440497
899,D4,22.27973996902613
900,C1,23.791870776620097
901,C1,37.7409624240012
902,C1,6.436379097129079
903,E3,17.565030790867077
904,C1,3.3024902665463207
905,B1,17.433695421514624
906,D2,20.99367578780251
907,E5,0.7727381242628166
908,E4,11.268063573185538
909,D2,11.442799848837168
910,B1,19.60009321965625
911,E3,2.935198583141343
912,E5,1.1511580344484826
913,E3,0.41996373824274724
914,C3,8.90832373561577
915,B5,1.0485225312536528
916,E2,18.114760358513262
917,D1,9.382997108561343
918,E1,5.145382685287757
919,D4,13.24563753502908
920,E2,14.225709868556777
921,A5,4.404151960252586
922,B1,2.57021290194179
923,A3,11.166359978863257
924,E1,1.1955505170990748
925,D5,10.64919898826749
926,E3,30.055607994965158
927,D2,1.7479666232227629
928,C4,10.631895131255597
929,A5,11.323604903775323
930,D4,3.3086134404254626
931,C2,1.470646049614044
932,E2,18.177030589861495
933,D1,12.915806918694985
934,A2,22.75210649760013
935,A4,3.8695225982441848
936,E1,19.00908129505597
937,C5,17.99394538398447
938,D3,19.173701905403576
939,E3,4.912151832881757
940,C5,38.43577301113047
941,A1,16.627726389876372
942,B3,17.509661169040683
943,D1,5.918245837139466
944,C3,22.504401158118746
945,C5,16.429776976645705
946,D2,29.816819107238167
947,C2,17.917892157570105
948,E2,8.73563839425755
949,C1,16.22856808317774
950,D2,0.759867939932883
951,E2,43.26699100299772
952,D1,22.153354206238255
953,D5,3.6051037435193956
954,B5,6.5537310898356544
955,B5,19.74552426700653
956,A1,1.2847237213033582
957,C5,19.265855938442513
958,E3,17.893585977727394
959,B2,1.9855166639756687
960,A1,11.765318707574645
961,A1,0.7748577124246674
962,C2,1.5922937408353564
963,D3,0.7586595458548516
964,E2,23.376142436056313
965,A5,15.717448260360934
966,A1,0.9355513742930012
967,B4,19.64570569171203
968,E2,28.638461274988835
969,A4,23.00144294373598
970,D4,22.560913475330764
971,E3,14.730565369173013
972,B4,8.365753252568744
973,E3,0.6455899244057721
974,B1,35.79371007418626
975,C4,18.185642006030584
976,B2,18.099588730317883
977,B1,0.6968083926237943
978,D3,2.5038270575268426
979,B2,8.11330689853327
980,E1,18.688378140102287
981,B4,16.446390316269564
982,D1,19.044442176853472
983,A1,23.322686116523887
984,D1,30.080265059238137
985,C1,3.011220990868681
986,B5,4.406291993857931
987,E2,2.499001113716247
988,C4,2.1160044178956348
989,E4,22.844757523544416
990,D1,19.7670185364674
991,C3,10.08104923253854
992,C3,7.966771860519237
993,C3,21.682070704972933
994,C2,8.321174104237775
995,B1,7.14552695779367
996,E5,1.7080345751946104
997,D4,1.4169524048213513
998,E2,12.016219945891658
999,C5,20.48806385952313
1000,D1,1.184617152707846
